label,max_risk_factor
0,1.0
1,0.9642857142857143
2,0.9761904761904762
3,0.6726190476190477
4,0.8273809523809523
