label,std_risk_factor
0,0.12964914026544072
1,0.13603211325625034
2,0.14546053508855858
3,0.09953424857722502
4,0.13069576424834875
